"","objectid","who_region","iso_2_code","adm1_name","adm0_name","adm1_code","startdate","enddate","guid","iso_3_code","center_lon","center_lat","adm1_viz_n","adm0_viz_n"
"1",39453,"SEARO","BD","BARISAL","BANGLADESH","BD001001000000000000",2000-01-01,9999-12-31,"{A8679AEC-C160-4845-922D-354D101DD8E1}","BGD",90.33190176,22.44005859,"Barisal","Bangladesh"
"2",39454,"SEARO","BD","CHITTAGONG","BANGLADESH","BD001002000000000000",2000-01-01,9999-12-31,"{BFDA2413-FD9A-4603-9413-1165A94B5B25}","BGD",91.73567462,22.70888814,"Chittagong","Bangladesh"
"3",39455,"SEARO","BD","DHAKA","BANGLADESH","BD001009000000000000",2020-01-01,9999-12-31,"{D3187614-BEB8-4F2A-B7D6-226FC7F45422}","BGD",90.24419643,23.84202124,"Dhaka","Bangladesh"
"4",39456,"SEARO","BD","KHULNA","BANGLADESH","BD001004000000000000",2000-01-01,9999-12-31,"{8C3B0B1F-2026-4959-A513-A230F2751E74}","BGD",89.29573328,22.88906575,"Khulna","Bangladesh"
"5",39457,"SEARO","BD","MYMENSINGH","BANGLADESH","BD001010000000000000",2020-01-01,9999-12-31,"{B3EDA175-B119-4F65-A92E-9DE8F73EB185}","BGD",90.40775657,24.83696322,"Mymensingh","Bangladesh"
"6",39458,"SEARO","BD","RAJSHAHI","BANGLADESH","BD001007000000000000",2010-01-01,9999-12-31,"{8145D935-6051-4939-B500-154C88EC2600}","BGD",89.05254406,24.58062307,"Rajshahi","Bangladesh"
"7",39459,"SEARO","BD","RANGPUR","BANGLADESH","BD001008000000000000",2010-01-01,9999-12-31,"{3EAA8DB6-BECD-41B2-9219-46F486CFD09D}","BGD",89.05855619,25.77250204,"Rangpur","Bangladesh"
"8",39460,"SEARO","BD","SYLHET","BANGLADESH","BD001006000000000000",2000-01-01,9999-12-31,"{95DF63FA-38D9-4F6F-B545-3728FA306753}","BGD",91.67899324,24.71782158,"Sylhet","Bangladesh"
"9",39461,"SEARO","BT","BUMTHANG","BHUTAN","BT001001000000000000",2000-01-01,9999-12-31,"{10FFFB20-80CF-43B8-85B4-B9ADC88876AB}","BTN",90.74178076,27.70343968,"Bumthang","Bhutan"
"10",39462,"SEARO","BT","CHUKHA","BHUTAN","BT001002000000000000",2000-01-01,9999-12-31,"{E9A0B322-198F-4D01-B504-96566C38C94B}","BTN",89.54788565,26.98877812,"Chukha","Bhutan"
"11",39463,"SEARO","BT","DAGA","BHUTAN","BT001003000000000000",2000-01-01,9999-12-31,"{3468545D-5F5F-44ED-AB5A-7A28F4215E53}","BTN",89.85767111,27.09800549,"Daga","Bhutan"
"12",39464,"SEARO","BT","GASA","BHUTAN","BT001004000000000000",2000-01-01,9999-12-31,"{D2F1AF66-38EB-49BB-8924-5F1726D2E8C5}","BTN",89.93649295,28.0358612,"Gasa","Bhutan"
"13",39465,"SEARO","BT","HAA","BHUTAN","BT001005000000000000",2000-01-01,9999-12-31,"{45951699-7738-48B9-9826-D45C347B40EA}","BTN",89.16377589,27.32393163,"Haa","Bhutan"
"14",39466,"SEARO","BT","LHUNTSHI","BHUTAN","BT001006000000000000",2000-01-01,9999-12-31,"{86DC9937-03B1-41EF-B916-BB1A990226BA}","BTN",91.13415799,27.77521542,"Lhuntshi","Bhutan"
"15",39467,"SEARO","BT","MONGAR","BHUTAN","BT001007000000000000",2000-01-01,9999-12-31,"{727C265E-AD87-46CA-9535-70CFDD21550D}","BTN",91.2133956,27.241014,"Mongar","Bhutan"
"16",39468,"SEARO","BT","PARO","BHUTAN","BT001008000000000000",2000-01-01,9999-12-31,"{A0108EEA-C486-4F80-95D4-523A93BD4CFC}","BTN",89.37698489,27.5343548,"Paro","Bhutan"
"17",39469,"SEARO","BT","PEMAGATSEL","BHUTAN","BT001009000000000000",2000-01-01,9999-12-31,"{10CEBF8C-DF75-4438-A2A4-10F970E36C6D}","BTN",91.36164309,27.00349195,"Pemagatsel","Bhutan"
"18",39470,"SEARO","BT","PUNAKHA","BHUTAN","BT001010000000000000",2000-01-01,9999-12-31,"{0ECE7DDF-0A4C-44D3-A384-4D4B1409EFF7}","BTN",89.87820481,27.68171142,"Punakha","Bhutan"
"19",39471,"SEARO","BT","SAMDRUP JONGKHAR","BHUTAN","BT001011000000000000",2000-01-01,9999-12-31,"{C7C50FDA-5C21-4EC9-9C75-CE1AC8CC4289}","BTN",91.66836647,26.93492631,"Samdrup Jongkhar","Bhutan"
"20",39472,"SEARO","BT","SAMTSE","BHUTAN","BT001012000000000000",2000-01-01,9999-12-31,"{72725777-26E2-4063-BC0E-2D86D6A9B3F0}","BTN",89.05976285,27.04659831,"Samtse","Bhutan"
"21",39473,"SEARO","BT","SARPANG","BHUTAN","BT001013000000000000",2000-01-01,9999-12-31,"{16090B1E-34CC-42FA-86FD-6B7221228DB2}","BTN",90.32321163,26.89296006,"Sarpang","Bhutan"
"22",39474,"SEARO","BT","TASHIYANSE","BHUTAN","BT001014000000000000",2000-01-01,9999-12-31,"{6A1C0440-DB43-4C05-BBB5-BEDA9EA71E09}","BTN",91.50422188,27.6708179,"Tashiyanse","Bhutan"
"23",39475,"SEARO","BT","THIMPHU","BHUTAN","BT001015000000000000",2000-01-01,9999-12-31,"{640D7740-F42C-4078-A956-EA1811DAF032}","BTN",89.59254937,27.60108484,"Thimphu","Bhutan"
"24",39476,"SEARO","BT","TRASHIGANG","BHUTAN","BT001016000000000000",2000-01-01,9999-12-31,"{479ECB6C-412C-43A5-8536-5B9C2B54934E}","BTN",91.73941733,27.24172225,"Trashigang","Bhutan"
"25",39477,"SEARO","BT","TRONGSA","BHUTAN","BT001017000000000000",2000-01-01,9999-12-31,"{A4962993-3F3E-4593-89B8-405C9992736C}","BTN",90.49088836,27.38261966,"Trongsa","Bhutan"
"26",39478,"SEARO","BT","TSIRANG","BHUTAN","BT001018000000000000",2000-01-01,9999-12-31,"{5ADCA5E8-EC86-4828-AD43-6BA810DB6F32}","BTN",90.07159747,26.97683537,"Tsirang","Bhutan"
"27",39479,"SEARO","BT","WANGDUE","BHUTAN","BT001019000000000000",2000-01-01,9999-12-31,"{203B6CE3-FB54-48FB-8C1F-3A34271A4162}","BTN",90.14640086,27.54776042,"Wangdue","Bhutan"
"28",39480,"SEARO","BT","ZHEMGANG","BHUTAN","BT001020000000000000",2000-01-01,9999-12-31,"{4F60FC13-DBE1-4462-9AE1-C38754256E28}","BTN",90.84504008,27.07681347,"Zhemgang","Bhutan"
"29",39481,"SEARO","ID","ACEH","INDONESIA","ID001001000000000000",2000-01-01,9999-12-31,"{92F3F802-9A44-4968-84ED-064B75BBFAE7}","IDN",96.91112423,4.22975496,"Aceh","Indonesia"
"30",39482,"SEARO","ID","BALI","INDONESIA","ID001002000000000000",2000-01-01,9999-12-31,"{58D5E217-C39A-4914-9CCE-28C13C66E56A}","IDN",115.14411635,-8.36603158,"Bali","Indonesia"
"31",39483,"SEARO","ID","BANGKA_BELITUNG","INDONESIA","ID001003000000000000",2000-01-01,9999-12-31,"{687272FB-B028-497A-A525-BFE24016D310}","IDN",106.53406579,-2.43789608,"Bangka Belitung","Indonesia"
"32",39484,"SEARO","ID","BANTEN","INDONESIA","ID001004000000000000",2000-01-01,9999-12-31,"{A2EA7D30-6605-4122-8B9F-1FA8C6C2B519}","IDN",106.11288898,-6.45062593,"Banten","Indonesia"
"33",39485,"SEARO","ID","BENGKULU","INDONESIA","ID001005000000000000",2000-01-01,9999-12-31,"{2707B78A-DD20-4DAA-A1B2-FA640B258CDC}","IDN",102.33581154,-3.54989608,"Bengkulu","Indonesia"
"34",39486,"SEARO","ID","GORONTALO","INDONESIA","ID001006000000000000",2000-01-01,9999-12-31,"{EFC9B104-BFA4-491C-A823-3C41D2C357DE}","IDN",122.37980265,0.68278728,"Gorontalo","Indonesia"
"35",39487,"SEARO","ID","JAKARTA","INDONESIA","ID001007000000000000",2000-01-01,9999-12-31,"{749F1CD9-4BCD-47A2-AFD2-6867BC67BACE}","IDN",106.8373453,-6.20336408,"Jakarta","Indonesia"
"36",39488,"SEARO","ID","JAMBI","INDONESIA","ID001008000000000000",2000-01-01,9999-12-31,"{396CF666-4ABB-44F7-8812-E74CEA562F6E}","IDN",102.71851199,-1.70051205,"Jambi","Indonesia"
"37",39489,"SEARO","ID","JAWA_BARAT","INDONESIA","ID001009000000000000",2000-01-01,9999-12-31,"{3F47E51D-8CD5-4DC9-A4DA-4BEA601AFC60}","IDN",107.59802479,-6.9182664,"Jawa Barat","Indonesia"
"38",39490,"SEARO","ID","JAWA_TENGAH","INDONESIA","ID001010000000000000",2000-01-01,9999-12-31,"{5E7A527D-A9DD-4D86-9DA0-99EE9308A284}","IDN",110.20896226,-7.26684029,"Jawa Tengah","Indonesia"
"39",39491,"SEARO","ID","JAWA_TIMUR","INDONESIA","ID001011000000000000",2000-01-01,9999-12-31,"{78EF0013-2812-4C79-BB9E-8F88401DA7DD}","IDN",112.72038244,-7.73351884,"Jawa Timur","Indonesia"
"40",39492,"SEARO","ID","KALIMANTAN_BARAT","INDONESIA","ID001012000000000000",2000-01-01,9999-12-31,"{0619EE13-7347-4305-9A7A-FB628429E332}","IDN",111.1325264,-0.08990282,"Kalimantan Barat","Indonesia"
"41",39493,"SEARO","ID","KALIMANTAN_SELATAN","INDONESIA","ID001013000000000000",2000-01-01,9999-12-31,"{23C87E04-A29D-4944-93DA-64957504EA12}","IDN",115.42881835,-2.99602897,"Kalimantan Selatan","Indonesia"
"42",39494,"SEARO","ID","KALIMANTAN_TENGAH","INDONESIA","ID001014000000000000",2000-01-01,9999-12-31,"{4FFB28DB-8B87-4EB5-BCB9-A23022CBF7F9}","IDN",113.4149172,-1.60280012,"Kalimantan Tengah","Indonesia"
"43",39495,"SEARO","ID","KALIMANTAN_TIMUR","INDONESIA","ID001034000000000000",2013-01-01,9999-12-31,"{5FFF0B35-FDD0-40F7-B070-C21C1B898178}","IDN",116.47663401,0.4594937,"Kalimantan Timur","Indonesia"
"44",39496,"SEARO","ID","KALIMANTAN_UTARA","INDONESIA","ID001035000000000000",2013-01-01,9999-12-31,"{4DAB4D1A-FFAB-4680-932A-080445F13984}","IDN",116.21660858,2.88702831,"Kalimantan Utara","Indonesia"
"45",39497,"SEARO","ID","KEPULAUAN_RIAU","INDONESIA","ID001016000000000000",2000-01-01,9999-12-31,"{2AA98363-6BC7-4F61-B6B1-898A2CD6A9AC}","IDN",105.51479485,1.53768932,"Kepulauan Riau","Indonesia"
"46",39498,"SEARO","ID","LAMPUNG","INDONESIA","ID001017000000000000",2000-01-01,9999-12-31,"{80CDB5F8-ACC2-4C7D-81C9-F7ABC5B87D2C}","IDN",105.0259174,-4.91411399,"Lampung","Indonesia"
"47",39499,"SEARO","ID","MALUKU","INDONESIA","ID001018000000000000",2000-01-01,9999-12-31,"{32D49F3D-4EA3-43D4-BF64-218AA8573AEF}","IDN",129.80599334,-4.72217164,"Maluku","Indonesia"
"48",39500,"SEARO","ID","MALUKU_UTARA","INDONESIA","ID001019000000000000",2000-01-01,9999-12-31,"{F0AE5A80-F686-4002-97D9-91FB1E3645E9}","IDN",127.52245929,0.20218991,"Maluku Utara","Indonesia"
"49",39501,"SEARO","ID","NUSA_TENGGARA_BARAT","INDONESIA","ID001020000000000000",2000-01-01,9999-12-31,"{5BB32E60-C0EF-470F-9DCC-CFDE0CD1025D}","IDN",117.50652551,-8.608435,"Nusa Tenggara Barat","Indonesia"
"50",39502,"SEARO","ID","NUSA_TENGGARA_TIMUR","INDONESIA","ID001021000000000000",2000-01-01,9999-12-31,"{43D6450F-8B3A-4F50-9ACE-CEFB80F78ECA}","IDN",122.21236178,-9.25549092,"Nusa Tenggara Timur","Indonesia"
"51",39503,"SEARO","ID","PAPUA","INDONESIA","ID001022000000000000",2000-01-01,9999-12-31,"{0599173A-65D7-48A8-A231-636BCB0F2AF9}","IDN",138.65648905,-4.65016571,"Papua","Indonesia"
"52",39504,"SEARO","ID","PAPUA_BARAT","INDONESIA","ID001023000000000000",2000-01-01,9999-12-31,"{67CFF8CB-6A01-4CFE-AA3E-BB22C9E1FC59}","IDN",132.92511233,-2.00034298,"Papua Barat","Indonesia"
"53",39505,"SEARO","ID","RIAU","INDONESIA","ID001024000000000000",2000-01-01,9999-12-31,"{7AEED7CE-0FDF-4D08-949F-5E9A09C28697}","IDN",101.80860282,0.50320251,"Riau","Indonesia"
"54",39506,"SEARO","ID","SULAWESI_BARAT","INDONESIA","ID001025000000000000",2000-01-01,9999-12-31,"{C8AD0FEF-FE8A-4C32-8398-1478EEA57B65}","IDN",119.34764893,-2.45628791,"Sulawesi Barat","Indonesia"
"55",39507,"SEARO","ID","SULAWESI_SELATAN","INDONESIA","ID001026000000000000",2000-01-01,9999-12-31,"{29E621DC-1F6A-4D5A-803A-933F429D14E0}","IDN",120.16476743,-3.72163011,"Sulawesi Selatan","Indonesia"
"56",39508,"SEARO","ID","SULAWESI_TENGAH","INDONESIA","ID001027000000000000",2000-01-01,9999-12-31,"{512FE4A9-FB7E-4AA1-921D-4E24121C97AA}","IDN",121.19259368,-1.00083723,"Sulawesi Tengah","Indonesia"
"57",39509,"SEARO","ID","SULAWESI_TENGGARA","INDONESIA","ID001028000000000000",2000-01-01,9999-12-31,"{141DB441-E544-4B81-804E-D3F1A861CCEF}","IDN",122.07496125,-4.12453268,"Sulawesi Tenggara","Indonesia"
"58",39510,"SEARO","ID","SULAWESI_UTARA","INDONESIA","ID001029000000000000",2000-01-01,9999-12-31,"{09320B53-71DC-4B3F-8AD8-C170BB369491}","IDN",124.54550776,1.27338639,"Sulawesi Utara","Indonesia"
"59",39511,"SEARO","ID","SUMATERA_BARAT","INDONESIA","ID001030000000000000",2000-01-01,9999-12-31,"{9F78C45E-BF24-427E-958E-02E565718276}","IDN",100.46230243,-0.85504668,"Sumatera Barat","Indonesia"
"60",39512,"SEARO","ID","SUMATERA_SELATAN","INDONESIA","ID001031000000000000",2000-01-01,9999-12-31,"{F8988AD5-DD0D-429B-BE39-9EE7B90B9192}","IDN",104.16761789,-3.21599646,"Sumatera Selatan","Indonesia"
"61",39513,"SEARO","ID","SUMATERA_UTARA","INDONESIA","ID001032000000000000",2000-01-01,9999-12-31,"{3273E55B-6DF5-4985-82FD-8CB3EF23AC3B}","IDN",99.05576847,2.19672075,"Sumatera Utara","Indonesia"
"62",39514,"SEARO","ID","YOGYAKARTA","INDONESIA","ID001033000000000000",2000-01-01,9999-12-31,"{69448FEB-D5C5-452F-BB3A-AB8542D4718B}","IDN",110.44690804,-7.89636806,"Yogyakarta","Indonesia"
"63",39515,"SEARO","IN","A&N ISLANDS","INDIA","IN001001000000000000",2000-01-01,9999-12-31,"{284E9104-8C79-41B6-AD14-94838A10D0D4}","IND",92.97167676,11.13430357,"A&N Islands","India"
"64",39516,"SEARO","IN","ANDHRA PRADESH","INDIA","IN001039000000000000",2020-01-01,9999-12-31,"{6F40B18C-DA14-47AC-BC87-B74F017E9572}","IND",79.95293996,15.74127467,"Andhra Pradesh","India"
"65",39517,"SEARO","IN","ARUNACHAL PR.","INDIA","IN001003000000000000",2000-01-01,9999-12-31,"{31B571AA-BB62-4EAF-B462-0AFC55E75A98}","IND",94.67065659,28.02939101,"Arunachal Pr.","India"
"66",39518,"SEARO","IN","ASSAM","INDIA","IN001004000000000000",2000-01-01,9999-12-31,"{8BDD5118-2DDF-4BDC-A798-1442175F97C2}","IND",92.82252557,26.34843357,"Assam","India"
"67",39519,"SEARO","IN","BIHAR","INDIA","IN001005000000000000",2000-01-01,9999-12-31,"{67F77A09-BE6E-4B08-9402-2D690C83A66C}","IND",85.60803713,25.66889698,"Bihar","India"
"68",39520,"SEARO","IN","CHANDIGARH","INDIA","IN001006000000000000",2000-01-01,9999-12-31,"{3FB8FDDA-4D42-4BAF-B26F-C9491C47EAD3}","IND",76.81765364,30.71208673,"Chandigarh","India"
"69",39521,"SEARO","IN","CHHATTISGARH","INDIA","IN001007000000000000",2000-01-01,9999-12-31,"{4C15E93D-EF37-4D25-B255-FB1F3CB49B1D}","IND",82.03462079,21.23916679,"Chhattisgarh","India"
"70",39522,"SEARO","IN","D&N HAVELI","INDIA","IN001008000000000000",2000-01-01,9999-12-31,"{334B763C-CABF-4289-BBFA-4B3DABCDA6CC}","IND",73.09121046,20.18961654,"D&N Haveli","India"
"71",39523,"SEARO","IN","DAMAN & DIU","INDIA","IN001009000000000000",2000-01-01,9999-12-31,"{056A9B4A-A2E6-4B76-A292-70D483D9E284}","IND",72.65803919,20.44058206,"Daman & Diu","India"
"72",39524,"SEARO","IN","DELHI","INDIA","IN001010000000000000",2000-01-01,9999-12-31,"{48FC749A-7503-463A-92DE-68DC67CFF978}","IND",77.13808922,28.64555938,"Delhi","India"
"73",39525,"SEARO","IN","GOA","INDIA","IN001011000000000000",2000-01-01,9999-12-31,"{87DACBCB-2EBE-48AD-95CE-C053C856FFF6}","IND",74.05515012,15.36615776,"Goa","India"
"74",39526,"SEARO","IN","GUJARAT","INDIA","IN001012000000000000",2000-01-01,9999-12-31,"{19E1185A-C40E-4A69-958A-780820E36D22}","IND",71.57268806,22.70276436,"Gujarat","India"
"75",39527,"SEARO","IN","HARYANA","INDIA","IN001013000000000000",2000-01-01,9999-12-31,"{8C3F0D6B-08DA-4632-B4CB-22D2E492F197}","IND",76.35620237,29.17123793,"Haryana","India"
"76",39528,"SEARO","IN","HIMACHAL PRADESH","INDIA","IN001014000000000000",2000-01-01,9999-12-31,"{CB5FE0F0-B9C4-4ADF-BD44-EC56BBAFDA99}","IND",77.24111928,31.92705524,"Himachal Pradesh","India"
"77",39529,"SEARO","IN","JAMMU & KASHMIR","INDIA","IN001040000000000000",2020-01-01,9999-12-31,"{B857A37F-20BB-41B4-8755-9ADAD544456B}","IND",74.86202616,33.61365234,"Jammu & Kashmir","India"
"78",39530,"SEARO","IN","JHARKHAND","INDIA","IN001017000000000000",2000-01-01,9999-12-31,"{B5C3F423-9FBD-4F7B-A1DC-43375D080635}","IND",85.5651855,23.65561004,"Jharkhand","India"
"79",39531,"SEARO","IN","KARNATAKA","INDIA","IN001018000000000000",2000-01-01,9999-12-31,"{5AD5ACD3-2541-44FE-B357-164E68E9ACCD}","IND",76.17049827,14.70302523,"Karnataka","India"
"80",39532,"SEARO","IN","KERALA","INDIA","IN001019000000000000",2000-01-01,9999-12-31,"{66254C19-89DF-4F78-9596-1E0588FA5360}","IND",76.40019916,10.46143815,"Kerala","India"
"81",39533,"SEARO","IN","LADAKH","INDIA","IN001041000000000000",2020-01-01,9999-12-31,"{2B7DD7B1-9399-41B9-A9BB-316D2EE9C8C1}","IND",76.73388937,34.91489311,"Ladakh","India"
"82",39534,"SEARO","IN","LAKSHADWEEP","INDIA","IN001020000000000000",2000-01-01,9999-12-31,"{F7DF570B-2C07-4A50-908E-ECFF695A1BFC}","IND",72.78197434,10.90079808,"Lakshadweep","India"
"83",39535,"SEARO","IN","MADHYA PRADESH","INDIA","IN001021000000000000",2000-01-01,9999-12-31,"{62AA9E80-6A7A-42E8-B4C9-F958C8D091EF}","IND",78.28261517,23.51987534,"Madhya Pradesh","India"
"84",39536,"SEARO","IN","MAHARASHTRA","INDIA","IN001022000000000000",2000-01-01,9999-12-31,"{50E386F8-9130-46FB-B0DB-A54E4779C317}","IND",76.08745742,19.42040791,"Maharashtra","India"
"85",39537,"SEARO","IN","MANIPUR","INDIA","IN001023000000000000",2000-01-01,9999-12-31,"{D1376835-31E2-4046-AE58-82C603B485C6}","IND",93.87664918,24.7333039,"Manipur","India"
"86",39538,"SEARO","IN","MEGHALAYA","INDIA","IN001024000000000000",2000-01-01,9999-12-31,"{200D314B-547C-4978-991F-EB76FD6CB6FC}","IND",91.26254099,25.53379495,"Meghalaya","India"
"87",39539,"SEARO","IN","MIZORAM","INDIA","IN001025000000000000",2000-01-01,9999-12-31,"{8BA2274E-A7EB-4C1B-BF5F-160D588F9A9A}","IND",92.82799516,23.3072391,"Mizoram","India"
"88",39540,"SEARO","IN","NAGALAND","INDIA","IN001026000000000000",2000-01-01,9999-12-31,"{5507DCF0-BB9F-48F8-A42F-B05C4AC3B836}","IND",94.45726303,26.05463333,"Nagaland","India"
"89",39541,"SEARO","IN","ODISHA","INDIA","IN001027000000000000",2000-01-01,9999-12-31,"{D4509D11-F943-48A4-B901-CBF2C53ACE6E}","IND",84.43628235,20.53067849,"Odisha","India"
"90",39542,"SEARO","IN","PONDICHERRY","INDIA","IN001028000000000000",2000-01-01,9999-12-31,"{53491A2E-8D2D-4C2A-8221-D4366C01A9DB}","IND",82.276,16.679,"Pondicherry","India"
"91",39543,"SEARO","IN","PUNJAB","INDIA","IN001029000000000000",2000-01-01,9999-12-31,"{B64AE27B-FCDB-48A9-9457-31BC2F7F1FB5}","IND",75.4286014,30.83368603,"Punjab","India"
"92",39544,"SEARO","IN","RAJASTHAN","INDIA","IN001030000000000000",2000-01-01,9999-12-31,"{BF27E42B-4801-4709-B0CC-88FEE967B52E}","IND",73.84923507,26.58477627,"Rajasthan","India"
"93",39545,"SEARO","IN","SIKKIM","INDIA","IN001031000000000000",2000-01-01,9999-12-31,"{0ECB67F1-10EA-4E45-9FC1-796B7A95E08B}","IND",88.46980962,27.57630882,"Sikkim","India"
"94",39546,"SEARO","IN","TAMIL NADU","INDIA","IN001032000000000000",2000-01-01,9999-12-31,"{CB25A3B5-DEF3-43D8-A9E7-024CFCE72DFE}","IND",78.40421288,11.00489659,"Tamil Nadu","India"
"95",39547,"SEARO","IN","TELANGANA","INDIA","IN001042000000000000",2020-01-01,9999-12-31,"{0A1E6541-9CAB-4990-AD6E-6E7D93E22757}","IND",79.04282783,17.78788925,"Telangana","India"
"96",39548,"SEARO","IN","TRIPURA","INDIA","IN001033000000000000",2000-01-01,9999-12-31,"{0A6F13D6-8385-4F01-B545-0461ADC7E83A}","IND",91.73077644,23.73930827,"Tripura","India"
"97",39549,"SEARO","IN","UTTAR PRADESH","INDIA","IN001034000000000000",2000-01-01,9999-12-31,"{026A4B70-5EFA-4FDF-BD2B-65DFE415BDA5}","IND",80.56959131,26.91989078,"Uttar Pradesh","India"
"98",39550,"SEARO","IN","UTTARAKHAND","INDIA","IN001035000000000000",2000-01-01,9999-12-31,"{0B0FA51F-E9D6-44DA-B84F-DF29D57538C4}","IND",79.22164926,30.16015939,"Uttarakhand","India"
"99",39551,"SEARO","IN","WEST BENGAL","INDIA","IN001036000000000000",2000-01-01,9999-12-31,"{EE9E120D-D63A-4F36-AB7A-3F3085F9DCB3}","IND",87.99583388,23.80595163,"West Bengal","India"
"100",39552,"SEARO","KP","CHAGANG","DEMOCRATIC PEOPLE'S REPUBLIC OF KOREA","KP001001000000000000",2000-01-01,9999-12-31,"{DB5F53C4-7D94-49D3-85F0-F906983B3F2C}","PRK",126.53170112,40.79836123,"Chagang","Democratic People's Republic of Korea"
"101",39553,"SEARO","KP","KAESONG","DEMOCRATIC PEOPLE'S REPUBLIC OF KOREA","KP001002000000000000",2000-01-01,9999-12-31,"{9AABDC92-2955-4164-A332-D7488ECD09AC}","PRK",126.66256169,37.99374208,"Kaesong","Democratic People's Republic of Korea"
"102",39554,"SEARO","KP","KANGWON","DEMOCRATIC PEOPLE'S REPUBLIC OF KOREA","KP001003000000000000",2000-01-01,9999-12-31,"{1BD58110-187E-45A6-B2ED-5AB1FB0399EB}","PRK",127.47121345,38.71311502,"Kangwon","Democratic People's Republic of Korea"
"103",39555,"SEARO","KP","NAMPO","DEMOCRATIC PEOPLE'S REPUBLIC OF KOREA","KP001004000000000000",2000-01-01,9999-12-31,"{5B71C0E5-B508-44BB-9196-3B9AF3519020}","PRK",125.45357135,38.84635076,"Nampo","Democratic People's Republic of Korea"
"104",39556,"SEARO","KP","NORTH HAMGYONG","DEMOCRATIC PEOPLE'S REPUBLIC OF KOREA","KP001005000000000000",2000-01-01,9999-12-31,"{BD1E1241-EF77-4D0D-BD0D-4727FEB652DE}","PRK",129.62700704,41.87282376,"North Hamgyong","Democratic People's Republic of Korea"
"105",39557,"SEARO","KP","NORTH HWANGHAE","DEMOCRATIC PEOPLE'S REPUBLIC OF KOREA","KP001006000000000000",2000-01-01,9999-12-31,"{9D29F68F-600E-4A65-9B63-4E59F8DFABE5}","PRK",126.38763398,38.62544374,"North Hwanghae","Democratic People's Republic of Korea"
"106",39558,"SEARO","KP","NORTH PYONGAN","DEMOCRATIC PEOPLE'S REPUBLIC OF KOREA","KP001007000000000000",2000-01-01,9999-12-31,"{E8D7F9DD-F051-4256-AD2C-703EDDF0299F}","PRK",125.27519762,40.04193852,"North Pyongan","Democratic People's Republic of Korea"
"107",39559,"SEARO","KP","PYONGYANG","DEMOCRATIC PEOPLE'S REPUBLIC OF KOREA","KP001008000000000000",2000-01-01,9999-12-31,"{DA42791D-E594-4742-A940-4A7C02172BFC}","PRK",125.94758299,38.98748847,"Pyongyang","Democratic People's Republic of Korea"
"108",39560,"SEARO","KP","RYANGGANG","DEMOCRATIC PEOPLE'S REPUBLIC OF KOREA","KP001009000000000000",2000-01-01,9999-12-31,"{BE1327A3-2886-4E32-8C6E-457B4B9E2B22}","PRK",128.24363224,41.31034098,"Ryanggang","Democratic People's Republic of Korea"
"109",39561,"SEARO","KP","SOUTH HAMGYONG","DEMOCRATIC PEOPLE'S REPUBLIC OF KOREA","KP001010000000000000",2000-01-01,9999-12-31,"{2486B669-4242-4D7A-8D52-8A3092DCBBFA}","PRK",127.81808481,40.26334844,"South Hamgyong","Democratic People's Republic of Korea"
"110",39562,"SEARO","KP","SOUTH HWANGHAE","DEMOCRATIC PEOPLE'S REPUBLIC OF KOREA","KP001011000000000000",2000-01-01,9999-12-31,"{23994736-A889-4518-84B4-4692BFBD59A4}","PRK",125.53535319,38.18999674,"South Hwanghae","Democratic People's Republic of Korea"
"111",39563,"SEARO","KP","SOUTH PYONGAN","DEMOCRATIC PEOPLE'S REPUBLIC OF KOREA","KP001012000000000000",2000-01-01,9999-12-31,"{B000A03A-3D8B-4B35-A4F3-6F7372F1C825}","PRK",126.22082382,39.55735503,"South Pyongan","Democratic People's Republic of Korea"
"112",39564,"SEARO","LK","CENTRAL","SRI LANKA","LK001001000000000000",2000-01-01,9999-12-31,"{05AEB90D-3F2A-4BC0-AC15-2D04763B2881}","LKA",80.71575424,7.32494483,"Central","Sri Lanka"
"113",39565,"SEARO","LK","EASTERN","SRI LANKA","LK001009000000000000",2020-01-01,9999-12-31,"{37E7E182-9469-43FA-85F3-30A62FAA4AF7}","LKA",81.41705951,7.73162671,"Eastern","Sri Lanka"
"114",39566,"SEARO","LK","NORTHERN CENTRAL","SRI LANKA","LK001003000000000000",2000-01-01,9999-12-31,"{FDC4A454-24C2-4BC5-B602-C2AAD9DFE8D8}","LKA",80.67604702,8.26316524,"Northern Central","Sri Lanka"
"115",39567,"SEARO","LK","NORTHERN WESTERN","SRI LANKA","LK001004000000000000",2000-01-01,9999-12-31,"{49575AC0-6481-4FE6-937F-E335ACA4C855}","LKA",80.10862132,7.78538362,"Northern Western","Sri Lanka"
"116",39568,"SEARO","LK","NORTHERN","SRI LANKA","LK001010000000000000",2020-01-01,9999-12-31,"{9BBF34EF-50DA-4E25-9278-5BDBE987D977}","LKA",80.3464038,9.12756249,"Northern","Sri Lanka"
"117",39569,"SEARO","LK","SABARAGAMUWA","SRI LANKA","LK001005000000000000",2000-01-01,9999-12-31,"{E1C9C102-FBCD-43E9-A1E3-1D849C85DD2D}","LKA",80.48915052,6.76024153,"Sabaragamuwa","Sri Lanka"
"118",39570,"SEARO","LK","SOUTHERN","SRI LANKA","LK001006000000000000",2000-01-01,9999-12-31,"{159E326A-6178-4086-892E-8F5926227501}","LKA",80.72671165,6.22003166,"Southern","Sri Lanka"
"119",39571,"SEARO","LK","UVA","SRI LANKA","LK001007000000000000",2000-01-01,9999-12-31,"{AF37DDDC-3FB4-48B4-93BB-47374B21365B}","LKA",81.21578662,6.88242978,"Uva","Sri Lanka"
"120",39572,"SEARO","LK","WESTERN","SRI LANKA","LK001008000000000000",2000-01-01,9999-12-31,"{6553B483-DE2D-4564-8A6C-84F8B99CB23B}","LKA",80.06263373,6.83371939,"Western","Sri Lanka"
"121",39573,"SEARO","MM","AYEYARWADY","MYANMAR","MM001001000000000000",2000-01-01,9999-12-31,"{D53187DF-F59C-45F0-B14E-8649E685E6E4}","MMR",95.12605985,16.87306519,"Ayeyarwady","Myanmar"
"122",39574,"SEARO","MM","BAGO(EAST)","MYANMAR","MM001002000000000000",2000-01-01,9999-12-31,"{C468D74E-7952-4094-9400-761D6A57A147}","MMR",96.48551928,18.22670485,"Bago East","Myanmar"
"123",39575,"SEARO","MM","BAGO(WEST)","MYANMAR","MM001003000000000000",2000-01-01,9999-12-31,"{4871D42A-4D0F-4884-8C3F-F30401E4B36F}","MMR",95.53895932,18.4217594,"Bago West","Myanmar"
"124",39576,"SEARO","MM","CHIN","MYANMAR","MM001004000000000000",2000-01-01,9999-12-31,"{3E48AA31-BCBC-450C-98B6-BF0D21C79376}","MMR",93.5143192,22.1636443,"Chin","Myanmar"
"125",39577,"SEARO","MM","KACHIN","MYANMAR","MM001005000000000000",2000-01-01,9999-12-31,"{ACC41BD5-01D8-4C21-820C-2C638C4161FD}","MMR",97.34901346,26.0795241,"Kachin","Myanmar"
"126",39578,"SEARO","MM","KAYAH","MYANMAR","MM001006000000000000",2000-01-01,9999-12-31,"{A026DA73-4A7D-452D-B105-26951CA8CA52}","MMR",97.38113093,19.23042302,"Kayah","Myanmar"
"127",39579,"SEARO","MM","KAYIN","MYANMAR","MM001007000000000000",2000-01-01,9999-12-31,"{A539DC04-F140-4C5E-A745-A7B9EFEBBB29}","MMR",97.80407173,17.13359781,"Kayin","Myanmar"
"128",39580,"SEARO","MM","MAGWAY","MYANMAR","MM001008000000000000",2000-01-01,9999-12-31,"{2B2782DE-5B64-4D2F-9574-FE0B6624E106}","MMR",94.84037331,20.45565393,"Magway","Myanmar"
"129",39581,"SEARO","MM","MANDALAY","MYANMAR","MM001009000000000000",2000-01-01,9999-12-31,"{785777F0-4864-4B0F-A8C3-33F0E34AD604}","MMR",95.95581192,21.54153548,"Mandalay","Myanmar"
"130",39582,"SEARO","MM","MON","MYANMAR","MM001010000000000000",2000-01-01,9999-12-31,"{98FD7EF8-BC35-4554-A891-B715AB31760E}","MMR",97.59688063,16.40518837,"Mon","Myanmar"
"131",39583,"SEARO","MM","NAY PYI TAW","MYANMAR","MM001011000000000000",2000-01-01,9999-12-31,"{0C74CB2B-690A-4437-9276-73A760D568F3}","MMR",96.15873217,19.84287487,"Nay Pyi Taw","Myanmar"
"132",39584,"SEARO","MM","RAKHINE","MYANMAR","MM001012000000000000",2000-01-01,9999-12-31,"{819A0021-098A-4165-831A-14EF05D51CBD}","MMR",93.73286489,19.73475414,"Rakhine","Myanmar"
"133",39585,"SEARO","MM","SAGAING","MYANMAR","MM001013000000000000",2000-01-01,9999-12-31,"{5A978041-0D5B-4486-A2CC-2434BFB7E693}","MMR",95.33016892,24.17287064,"Sagaing","Myanmar"
"134",39586,"SEARO","MM","SHAN(EAST)","MYANMAR","MM001014000000000000",2000-01-01,9999-12-31,"{B69398A5-6F7F-4C85-A8D3-3AF64BCC9555}","MMR",99.5263358,21.03808649,"Shan East","Myanmar"
"135",39587,"SEARO","MM","SHAN(NORTH)","MYANMAR","MM001015000000000000",2000-01-01,9999-12-31,"{588C36D0-37F7-465A-BC25-7BFA93E88D6D}","MMR",97.84049984,22.92633821,"Shan North","Myanmar"
"136",39588,"SEARO","MM","SHAN(SOUTH)","MYANMAR","MM001016000000000000",2000-01-01,9999-12-31,"{42F51A81-D3C9-41CB-A4F5-93AA35B9E046}","MMR",97.53233868,20.85857492,"Shan South","Myanmar"
"137",39589,"SEARO","MM","TANINTHARYI","MYANMAR","MM001017000000000000",2000-01-01,9999-12-31,"{B168004F-CF4F-4AB0-8AD9-2BF024E9B4CE}","MMR",98.75432944,12.68270484,"Tanintharyi","Myanmar"
"138",39590,"SEARO","MM","YANGON","MYANMAR","MM001018000000000000",2000-01-01,9999-12-31,"{1ABE948B-747F-40AA-A506-4D9F66C107BC}","MMR",96.17438091,16.9648901,"Yangon","Myanmar"
"139",39591,"SEARO","NP","3 NO. PROVINCE","NEPAL","NP001008000000000000",2020-01-01,9999-12-31,"{1D15832C-2CD6-4A3B-938D-B28F604F3870}","NPL",85.47058334,27.67004915,"Bagmati Pradesh","Nepal"
"140",39592,"SEARO","NP","4 NO. PROVINCE","NEPAL","NP001009000000000000",2020-01-01,9999-12-31,"{626AF61C-B51F-4028-B05B-AE1DD8E6C954}","NPL",84.04343999,28.40162251,"Gandaki Pradesh","Nepal"
"141",39593,"SEARO","NP","6 NO. PROVINCE","NEPAL","NP001011000000000000",2020-01-01,9999-12-31,"{79E0A4B8-8898-458E-8245-74627C1C3CE3}","NPL",82.28857354,29.24712393,"Karnali Pradesh","Nepal"
"142",39594,"SEARO","NP","1 NO. PROVINCE","NEPAL","NP001006000000000000",2020-01-01,9999-12-31,"{3B6936DD-8823-46CD-A443-C2A3A59BA403}","NPL",87.27224411,27.20652329,"Province 1","Nepal"
"143",39595,"SEARO","NP","2 NO. PROVINCE","NEPAL","NP001007000000000000",2020-01-01,9999-12-31,"{DE9CFC65-49D4-4EE2-9C0B-5C04A4E71107}","NPL",85.69490443,26.92586356,"Province 2","Nepal"
"144",39596,"SEARO","NP","5 NO. PROVINCE","NEPAL","NP001010000000000000",2020-01-01,9999-12-31,"{A511C924-BA9C-4B56-86D8-56162C5FF294}","NPL",82.6823596,28.04714055,"Province 5","Nepal"
"145",39597,"SEARO","NP","7 NO. PROVINCE","NEPAL","NP001012000000000000",2020-01-01,9999-12-31,"{A2277C7E-816C-47C1-BE77-D273866A87F1}","NPL",80.93915907,29.31738746,"Sudurpashchim pradesh","Nepal"
"146",39598,"SEARO","TL","AILEU","TIMOR-LESTE","TL001001000000000000",2000-01-01,9999-12-31,"{EA8DF428-D39A-4BC3-947B-84ED3B54E722}","TLS",125.63610401,-8.70173904,"Aileu","Timor-Leste"
"147",39599,"SEARO","TL","AINARO","TIMOR-LESTE","TL001002000000000000",2000-01-01,9999-12-31,"{558CCA02-2C07-44C8-A2F8-7B49135710E3}","TLS",125.57280308,-9.00197281,"Ainaro","Timor-Leste"
"148",39600,"SEARO","TL","BAUCAU","TIMOR-LESTE","TL001003000000000000",2000-01-01,9999-12-31,"{55F8FF73-EE95-4F84-8651-51446B60A3FC}","TLS",126.46820196,-8.56852989,"Baucau","Timor-Leste"
"149",39601,"SEARO","TL","BOBONARO","TIMOR-LESTE","TL001004000000000000",2000-01-01,9999-12-31,"{26D1D6C3-079F-40CC-9F9F-FFE2FBEF1B7A}","TLS",125.19274496,-8.96217261,"Bobonaro","Timor-Leste"
"150",39602,"SEARO","TL","COVALIMA","TIMOR-LESTE","TL001005000000000000",2000-01-01,9999-12-31,"{5ED811B3-3E97-4859-B3E3-C0F42C0407E9}","TLS",125.24752571,-9.24609146,"Covalima","Timor-Leste"
"151",39603,"SEARO","TL","DILI","TIMOR-LESTE","TL001006000000000000",2000-01-01,9999-12-31,"{403293C4-5038-4754-9ED6-E33FB82ABBDC}","TLS",125.62868806,-8.4135997,"Dili","Timor-Leste"
"152",39604,"SEARO","TL","ERMERA","TIMOR-LESTE","TL001007000000000000",2000-01-01,9999-12-31,"{01E378AE-48A1-4555-BCCC-ADB43C5662FD}","TLS",125.38801406,-8.81282255,"Ermera","Timor-Leste"
"153",39605,"SEARO","TL","LAUTEM","TIMOR-LESTE","TL001008000000000000",2000-01-01,9999-12-31,"{B0410F62-CB75-4801-8FCD-0ED2E2787196}","TLS",126.97816657,-8.51262857,"Lautem","Timor-Leste"
"154",39606,"SEARO","TL","LIQUIÇÁ","TIMOR-LESTE","TL001009000000000000",2000-01-01,9999-12-31,"{A1F50BC9-EC0A-4979-845C-98DF1A352AEF}","TLS",125.29870301,-8.65411782,"Liquiçá","Timor-Leste"
"155",39607,"SEARO","TL","MANATUTO","TIMOR-LESTE","TL001010000000000000",2000-01-01,9999-12-31,"{CB8A224E-C420-4624-9974-592CEEEF1AE5}","TLS",125.97590352,-8.71696224,"Manatuto","Timor-Leste"
"156",39608,"SEARO","TL","MANUFAHI","TIMOR-LESTE","TL001011000000000000",2000-01-01,9999-12-31,"{784FF864-4BDF-41A6-B0D4-70B428256A21}","TLS",125.79913121,-8.98970903,"Manufahi","Timor-Leste"
"157",39609,"SEARO","TL","OECUSSI","TIMOR-LESTE","TL001012000000000000",2000-01-01,9999-12-31,"{4B777030-2E29-4CFF-8CE6-B88B4075B5B0}","TLS",124.29937577,-9.32385085,"Oecussi","Timor-Leste"
"158",39610,"SEARO","TL","VIQUEQUE","TIMOR-LESTE","TL001013000000000000",2000-01-01,9999-12-31,"{8AFD1F24-9856-4BCB-920E-CF4E5C5142E1}","TLS",126.35900871,-8.80351135,"Viqueque","Timor-Leste"
"159",39685,"SEARO","TH","AMNAT CHAROEN","THAILAND","TH001075000000000000",2020-01-01,9999-12-31,"{FD01FA37-5678-401A-A7EE-D782C5AF19D7}","THA",104.74322988,15.89444729,"Amnat Charoen","Thailand"
"160",39686,"SEARO","TH","ANG THONG","THAILAND","TH001076000000000000",2020-01-01,9999-12-31,"{529C9A37-4449-452E-A510-FA37595D9EB9}","THA",100.34850693,14.62354205,"Ang Thong","Thailand"
"161",39687,"SEARO","TH","BANGKOK","THAILAND","TH001077000000000000",2020-01-01,9999-12-31,"{07B95EDE-944D-48C5-BDF0-668013A1C95D}","THA",100.62297149,13.77099948,"Bangkok","Thailand"
"162",39688,"SEARO","TH","BUENG KAN","THAILAND","TH001078000000000000",2020-01-01,9999-12-31,"{3403CD0C-F567-4C9D-9B1D-FC98A5836B68}","THA",103.70902355,18.14804927,"Bueng Kan","Thailand"
"163",39689,"SEARO","TH","BURI RAM","THAILAND","TH001079000000000000",2020-01-01,9999-12-31,"{ED3060AC-E743-4213-A190-2D3D1C951F77}","THA",102.95680899,14.81928515,"Buri Ram","Thailand"
"164",39690,"SEARO","TH","CHACHOENGSAO","THAILAND","TH001080000000000000",2020-01-01,9999-12-31,"{1A50DC00-E881-4127-B267-47535F3521A1}","THA",101.42494127,13.60638144,"Chachoengsao","Thailand"
"165",39691,"SEARO","TH","CHAI NAT","THAILAND","TH001081000000000000",2020-01-01,9999-12-31,"{06AE19B2-E101-4BE5-957B-883F6787606C}","THA",100.02748193,15.13390157,"Chai Nat","Thailand"
"166",39692,"SEARO","TH","CHAIYAPHUM","THAILAND","TH001082000000000000",2020-01-01,9999-12-31,"{638700FF-6D12-4D8C-BA90-E2A01E0F2305}","THA",101.81938924,16.03212102,"Chaiyaphum","Thailand"
"167",39693,"SEARO","TH","CHANTHABURI","THAILAND","TH001083000000000000",2020-01-01,9999-12-31,"{77B6A6CB-FD05-4196-97BB-04D4B113D86F}","THA",102.12908121,12.88026965,"Chanthaburi","Thailand"
"168",39694,"SEARO","TH","CHIANG MAI","THAILAND","TH001084000000000000",2020-01-01,9999-12-31,"{A8102F6C-5B2F-4C77-A917-E7298909E205}","THA",98.72705919,18.7938973,"Chiang Mai","Thailand"
"169",39695,"SEARO","TH","CHIANG RAI","THAILAND","TH001085000000000000",2020-01-01,9999-12-31,"{92389E26-F64F-4634-AFD4-2BD2A7C38DF7}","THA",99.86880275,19.84329739,"Chiang Rai","Thailand"
"170",39696,"SEARO","TH","CHON BURI","THAILAND","TH001086000000000000",2020-01-01,9999-12-31,"{230C707D-2B22-449E-AB28-188D399C7B77}","THA",101.20877347,13.19393913,"Chon Buri","Thailand"
"171",39697,"SEARO","TH","CHUMPHON","THAILAND","TH001087000000000000",2020-01-01,9999-12-31,"{13594DFD-51CC-40E2-BBFD-601B9BED6930}","THA",99.0606233,10.34638347,"Chumphon","Thailand"
"172",39698,"SEARO","TH","KALASIN","THAILAND","TH001088000000000000",2020-01-01,9999-12-31,"{880A09C8-F1B0-4483-8CD3-F90E77EBFC75}","THA",103.62190211,16.62803641,"Kalasin","Thailand"
"173",39699,"SEARO","TH","KAMPHAENG PHET","THAILAND","TH001089000000000000",2020-01-01,9999-12-31,"{191A66D4-2542-41F1-989D-FE4C664938FF}","THA",99.53434089,16.33035119,"Kamphaeng Phet","Thailand"
"174",39700,"SEARO","TH","KANCHANABURI","THAILAND","TH001090000000000000",2020-01-01,9999-12-31,"{9DCC268F-FBB2-47B3-86E1-9A8FE0BE01B1}","THA",99.05282948,14.57907951,"Kanchanaburi","Thailand"
"175",39701,"SEARO","TH","KHON KAEN","THAILAND","TH001091000000000000",2020-01-01,9999-12-31,"{385038C5-7916-4E95-A9B6-52CD1995E2EA}","THA",102.5782285,16.40870391,"Khon Kaen","Thailand"
"176",39702,"SEARO","TH","KRABI","THAILAND","TH001092000000000000",2020-01-01,9999-12-31,"{75A050BC-8764-4002-ACD0-1A48B17C549B}","THA",99.02003992,8.14990741,"Krabi","Thailand"
"177",39703,"SEARO","TH","LAMPANG","THAILAND","TH001093000000000000",2020-01-01,9999-12-31,"{34958DD6-A76D-4177-8D03-9463BE4EAEBA}","THA",99.51208978,18.32671398,"Lampang","Thailand"
"178",39704,"SEARO","TH","LAMPHUN","THAILAND","TH001094000000000000",2020-01-01,9999-12-31,"{F793F835-98E1-4DAB-9B25-EDE7BDC73FA1}","THA",98.95478735,18.11911548,"Lamphun","Thailand"
"179",39705,"SEARO","TH","LOEI","THAILAND","TH001095000000000000",2020-01-01,9999-12-31,"{91912A62-25C5-4816-B24E-4AB8F7D9EA0A}","THA",101.63923159,17.40585844,"Loei","Thailand"
"180",39706,"SEARO","TH","LOP BURI","THAILAND","TH001096000000000000",2020-01-01,9999-12-31,"{BD4204DC-6485-4B2B-8278-D1C86B7B7D36}","THA",100.90713028,15.10760129,"Lop Buri","Thailand"
"181",39707,"SEARO","TH","MAE HONG SON","THAILAND","TH001097000000000000",2020-01-01,9999-12-31,"{11E16171-F0DC-4B27-83C1-26996EF621DE}","THA",98.03470119,18.81529884,"Mae Hong Son","Thailand"
"182",39708,"SEARO","TH","MAHA SARAKHAM","THAILAND","TH001098000000000000",2020-01-01,9999-12-31,"{CD5ED97D-FB75-4C9E-AB84-345A5B1C3E05}","THA",103.16564916,15.99969013,"Maha Sarakham","Thailand"
"183",39709,"SEARO","TH","MUKDAHAN","THAILAND","TH001099000000000000",2020-01-01,9999-12-31,"{0AC8B532-05DD-4D4D-9B2E-2644694BDB62}","THA",104.51827505,16.56400432,"Mukdahan","Thailand"
"184",39710,"SEARO","TH","NAKHON NAYOK","THAILAND","TH001100000000000000",2020-01-01,9999-12-31,"{BD75401F-8761-4DB5-A1CD-5E0216BB8961}","THA",101.17140951,14.21710109,"Nakhon Nayok","Thailand"
"185",39711,"SEARO","TH","NAKHON PATHOM","THAILAND","TH001101000000000000",2020-01-01,9999-12-31,"{89A270B5-9558-42EB-BF8C-879109E90616}","THA",100.10312208,13.92501636,"Nakhon Pathom","Thailand"
"186",39712,"SEARO","TH","NAKHON PHANOM","THAILAND","TH001102000000000000",2020-01-01,9999-12-31,"{E3C0ABE9-1916-4A82-BCF5-1123E0076797}","THA",104.4317879,17.37950854,"Nakhon Phanom","Thailand"
"187",39713,"SEARO","TH","NAKHON RATCHASIMA","THAILAND","TH001103000000000000",2020-01-01,9999-12-31,"{03DF0BB5-DA24-4E75-8469-CA47768E1BA2}","THA",102.10964834,14.95741259,"Nakhon Ratchasima","Thailand"
"188",39714,"SEARO","TH","NAKHON SAWAN","THAILAND","TH001104000000000000",2020-01-01,9999-12-31,"{152D1E69-68AE-4782-A1CF-95C7C2633B81}","THA",100.15217769,15.68264161,"Nakhon Sawan","Thailand"
"189",39715,"SEARO","TH","NAKHON SI THAMMARAT","THAILAND","TH001105000000000000",2020-01-01,9999-12-31,"{C4CB701D-79E9-4DC6-928E-22E5FCB9C57A}","THA",99.78719941,8.38131699,"Nakhon Si Thammarat","Thailand"
"190",39716,"SEARO","TH","NAN","THAILAND","TH001106000000000000",2020-01-01,9999-12-31,"{8A5FA686-FB5C-47DF-A9B4-049EFF2B7CC7}","THA",100.83575504,18.8480941,"Nan","Thailand"
"191",39717,"SEARO","TH","NARATHIWAT","THAILAND","TH001107000000000000",2020-01-01,9999-12-31,"{BD389104-66A4-4CBC-BF2B-A37F78D275FA}","THA",101.72011564,6.17078696,"Narathiwat","Thailand"
"192",39718,"SEARO","TH","NONG BUA LAM PHU","THAILAND","TH001108000000000000",2020-01-01,9999-12-31,"{18E7A020-EB36-44A6-953B-FFEBB3D64D1F}","THA",102.30234041,17.18171887,"Nong Bua Lam Phu","Thailand"
"193",39719,"SEARO","TH","NONG KHAI","THAILAND","TH001109000000000000",2020-01-01,9999-12-31,"{421A318F-999C-433D-9043-93EFE757ABCA}","THA",102.82787512,17.93550124,"Nong Khai","Thailand"
"194",39720,"SEARO","TH","NONTHABURI","THAILAND","TH001110000000000000",2020-01-01,9999-12-31,"{5039014A-F524-4A0F-BAE1-9A83629CDF5C}","THA",100.39281778,13.92415651,"Nonthaburi","Thailand"
"195",39721,"SEARO","TH","PATHUM THANI","THAILAND","TH001111000000000000",2020-01-01,9999-12-31,"{C3F25086-2CBA-4E4D-A29F-AE765BAA661C}","THA",100.68240588,14.06513135,"Pathum Thani","Thailand"
"196",39722,"SEARO","TH","PATTANI","THAILAND","TH001112000000000000",2020-01-01,9999-12-31,"{090415FE-78B5-455C-8AC4-DF6F4644BB49}","THA",101.3505284,6.72943047,"Pattani","Thailand"
"197",39723,"SEARO","TH","PHANGNGA","THAILAND","TH001113000000000000",2020-01-01,9999-12-31,"{B852FADE-FDA4-416A-9443-82E869DD004E}","THA",98.41857309,8.66296913,"Phangnga","Thailand"
"198",39724,"SEARO","TH","PHATTHALUNG","THAILAND","TH001114000000000000",2020-01-01,9999-12-31,"{29694DCD-0D6D-4CB6-8107-645CF2921ACD}","THA",100.03416515,7.51911757,"Phatthalung","Thailand"
"199",39725,"SEARO","TH","PHAYAO","THAILAND","TH001115000000000000",2020-01-01,9999-12-31,"{D3E68093-497F-4AC9-B576-21A7EC821B76}","THA",100.18945135,19.2322547,"Phayao","Thailand"
"200",39726,"SEARO","TH","PHETCHABUN","THAILAND","TH001116000000000000",2020-01-01,9999-12-31,"{4A792C5B-601B-418C-8A62-83E5F176BC72}","THA",101.14799797,16.27747911,"Phetchabun","Thailand"
"201",39727,"SEARO","TH","PHETCHABURI","THAILAND","TH001117000000000000",2020-01-01,9999-12-31,"{4AEF2B8F-0852-463D-8038-9A9CDE58B752}","THA",99.61608228,12.94680175,"Phetchaburi","Thailand"
"202",39728,"SEARO","TH","PHICHIT","THAILAND","TH001118000000000000",2020-01-01,9999-12-31,"{F2BBBB4E-F5D8-4A87-A109-D1964F2DF9DC}","THA",100.34271584,16.2597732,"Phichit","Thailand"
"203",39729,"SEARO","TH","PHITSANULOK","THAILAND","TH001119000000000000",2020-01-01,9999-12-31,"{44C34F13-13C2-4B00-BD9B-BDAFBCAC70A7}","THA",100.54159073,16.97603914,"Phitsanulok","Thailand"
"204",39730,"SEARO","TH","PHRA NAKHON SI AYUTTHAYA","THAILAND","TH001120000000000000",2020-01-01,9999-12-31,"{E41009AA-8BFC-48F2-A94A-B568C4A70F6F}","THA",100.52661585,14.34534913,"Phra Nakhon Si Ayutthaya","Thailand"
"205",39731,"SEARO","TH","PHRAE","THAILAND","TH001121000000000000",2020-01-01,9999-12-31,"{EF4FA03B-96C4-424D-AE66-5A282B9CCC2E}","THA",100.06465321,18.19954049,"Phrae","Thailand"
"206",39732,"SEARO","TH","PHUKET","THAILAND","TH001122000000000000",2020-01-01,9999-12-31,"{973494FD-73EB-415C-BE7A-E15D86A4ABBC}","THA",98.33881492,7.96157327,"Phuket","Thailand"
"207",39733,"SEARO","TH","PRACHIN BURI","THAILAND","TH001123000000000000",2020-01-01,9999-12-31,"{F848E123-DE1C-4E5A-A3F1-DB05DCB6ED0F}","THA",101.65028628,14.0480964,"Prachin Buri","Thailand"
"208",39734,"SEARO","TH","PRACHUAP KHIRI KHAN","THAILAND","TH001124000000000000",2020-01-01,9999-12-31,"{58F617B6-93E1-4EE1-9343-C4589BB6CEF1}","THA",99.64242872,11.94753543,"Prachuap Khiri Khan","Thailand"
"209",39735,"SEARO","TH","RANONG","THAILAND","TH001125000000000000",2020-01-01,9999-12-31,"{D570A6EA-9584-4387-B7E7-85F58F85FDCB}","THA",98.70225827,9.96442785,"Ranong","Thailand"
"210",39736,"SEARO","TH","RATCHABURI","THAILAND","TH001126000000000000",2020-01-01,9999-12-31,"{5153AB77-348C-4B17-B6B4-F5C8C7D23335}","THA",99.58234461,13.53666774,"Ratchaburi","Thailand"
"211",39737,"SEARO","TH","RAYONG","THAILAND","TH001127000000000000",2020-01-01,9999-12-31,"{FA8568B1-9EB7-40EB-ADA8-872BAEB9A4E5}","THA",101.42684362,12.85287544,"Rayong","Thailand"
"212",39738,"SEARO","TH","ROI ET","THAILAND","TH001128000000000000",2020-01-01,9999-12-31,"{6019FA1C-06A7-40BA-AD94-B036FC018806}","THA",103.81390606,15.91983094,"Roi Et","Thailand"
"213",39739,"SEARO","TH","SA KAEO","THAILAND","TH001129000000000000",2020-01-01,9999-12-31,"{32001594-D413-4A63-A7B4-B15C20A7FA71}","THA",102.32474952,13.78674354,"Sa Kaeo","Thailand"
"214",39740,"SEARO","TH","SAKON NAKHON","THAILAND","TH001130000000000000",2020-01-01,9999-12-31,"{8EC6ADE7-EB0F-457B-B120-D45284586EFF}","THA",103.82414265,17.3897833,"Sakon Nakhon","Thailand"
"215",39741,"SEARO","TH","SAMUT PRAKAN","THAILAND","TH001131000000000000",2020-01-01,9999-12-31,"{7F2A4DC3-7ECF-43B3-B9FD-41D8491EC5C5}","THA",100.70731811,13.59390776,"Samut Prakan","Thailand"
"216",39742,"SEARO","TH","SAMUT SAKHON","THAILAND","TH001132000000000000",2020-01-01,9999-12-31,"{853C1550-3B5D-475A-8B57-AD881682F6D8}","THA",100.21343679,13.56779124,"Samut Sakhon","Thailand"
"217",39743,"SEARO","TH","SAMUT SONGKHRAM","THAILAND","TH001133000000000000",2020-01-01,9999-12-31,"{21A0B9FA-884E-483F-89F6-945741D6F08C}","THA",99.95215687,13.39658439,"Samut Songkhram","Thailand"
"218",39744,"SEARO","TH","SARABURI","THAILAND","TH001134000000000000",2020-01-01,9999-12-31,"{2512CDB6-C9D1-4021-A00D-8FB92341F79C}","THA",101.01703016,14.62660101,"Saraburi","Thailand"
"219",39745,"SEARO","TH","SATUN","THAILAND","TH001135000000000000",2020-01-01,9999-12-31,"{A3FFBA97-7314-419D-B61F-71BE7460EEE7}","THA",99.94014135,6.84254241,"Satun","Thailand"
"220",39746,"SEARO","TH","SI SA KET","THAILAND","TH001136000000000000",2020-01-01,9999-12-31,"{CC2ECE21-5C38-4542-A0AB-C7D1BD381252}","THA",104.3673474,14.86504512,"Si Sa Ket","Thailand"
"221",39747,"SEARO","TH","SING BURI","THAILAND","TH001137000000000000",2020-01-01,9999-12-31,"{75B98087-7E34-4613-A665-587B76BD1FBC}","THA",100.34720812,14.91252101,"Sing Buri","Thailand"
"222",39748,"SEARO","TH","SONGKHLA","THAILAND","TH001138000000000000",2020-01-01,9999-12-31,"{CCF48BE7-DE0A-4276-8B6F-D123ACA5FFEA}","THA",100.56200897,6.88687529,"Songkhla","Thailand"
"223",39749,"SEARO","TH","SUKHOTHAI","THAILAND","TH001139000000000000",2020-01-01,9999-12-31,"{114D7B32-8F39-41A5-8993-F1FE7E5B752D}","THA",99.71098152,17.26277023,"Sukhothai","Thailand"
"224",39750,"SEARO","TH","SUPHAN BURI","THAILAND","TH001140000000000000",2020-01-01,9999-12-31,"{D36783A3-1E0A-429D-B8E8-9B509A8DB56F}","THA",99.89124459,14.61312491,"Suphan Buri","Thailand"
"225",39751,"SEARO","TH","SURAT THANI","THAILAND","TH001141000000000000",2020-01-01,9999-12-31,"{419A6B03-A114-4EBB-AFDD-AFAD54533F9E}","THA",99.08819655,9.05033658,"Surat Thani","Thailand"
"226",39752,"SEARO","TH","SURIN","THAILAND","TH001142000000000000",2020-01-01,9999-12-31,"{38E8ED31-7062-4DA8-88A8-ABBAB326DEE6}","THA",103.65576174,14.88847993,"Surin","Thailand"
"227",39753,"SEARO","TH","TAK","THAILAND","TH001143000000000000",2020-01-01,9999-12-31,"{7C362543-227F-4106-B332-9AECF90C1A91}","THA",98.79460489,16.72181142,"Tak","Thailand"
"228",39754,"SEARO","TH","TRANG","THAILAND","TH001144000000000000",2020-01-01,9999-12-31,"{34D64033-8EB5-4B33-9CA8-2B78B39731CD}","THA",99.59607037,7.54017709,"Trang","Thailand"
"229",39755,"SEARO","TH","TRAT","THAILAND","TH001145000000000000",2020-01-01,9999-12-31,"{97FDD4EF-32B1-4A8B-920E-520A1D324642}","THA",102.52521647,12.31483382,"Trat","Thailand"
"230",39756,"SEARO","TH","UBON RATCHATHANI","THAILAND","TH001146000000000000",2020-01-01,9999-12-31,"{0C16E8F8-4AC7-4CA6-8D80-3072F959BE83}","THA",105.1107726,15.18756002,"Ubon Ratchathani","Thailand"
"231",39757,"SEARO","TH","UDON THANI","THAILAND","TH001147000000000000",2020-01-01,9999-12-31,"{7980FE4A-461D-48EF-8F2B-83E799059472}","THA",102.8626632,17.42451621,"Udon Thani","Thailand"
"232",39758,"SEARO","TH","UTHAI THANI","THAILAND","TH001148000000000000",2020-01-01,9999-12-31,"{7246F8FF-6101-489C-B167-F5329E6CAFE3}","THA",99.47823311,15.3501681,"Uthai Thani","Thailand"
"233",39759,"SEARO","TH","UTTARADIT","THAILAND","TH001149000000000000",2020-01-01,9999-12-31,"{29324E26-409E-4A2E-990C-634C0DA791CC}","THA",100.51276384,17.74454663,"Uttaradit","Thailand"
"234",39760,"SEARO","TH","YALA","THAILAND","TH001150000000000000",2020-01-01,9999-12-31,"{ACB75E0B-B361-4294-9D9E-A193784E488B}","THA",101.23036286,6.1866025,"Yala","Thailand"
"235",39761,"SEARO","TH","YASOTHON","THAILAND","TH001151000000000000",2020-01-01,9999-12-31,"{BEC90094-6D29-4957-86C7-4C1F20CD1285}","THA",104.33843203,15.89598359,"Yasothon","Thailand"
